frequency_Hz,modulationDepth_M,lowerCI_M,upperCI_M
100,56.68073136,43.29113924,70.18284107
900,29.11392405,20.5625879,37.6652602
1800,51.1673699,29.45147679,72.99578059
