frequency_Hz,modulationDepth_M,lowerCI_M,upperCI_M
100,61.29395218,53.08016878,69.62025316
900,44.75386779,29.78902954,59.60618847
1800,78.05907173,65.23206751,91.11111111
