frequency_Hz,modulationDepth_M,lowerCI_M,upperCI_M
100,60.73136428,52.63009845,69.17018284
900,32.9395218,26.30098453,39.80309423
1800,51.1673699,35.52742616,66.91983122
